Date,AMZN,BA,DIS,IBM,KO,MSFT
2013-12-31,398.79,116.45,70.73,147.56,34.08,32.69
2014-01-02,397.97,116.6,70.61,145.96,33.54,32.47
2014-01-03,396.44,117.41,70.46,146.83,33.37,32.25
2014-01-06,393.63,118.09,70.2,146.33,33.22,31.57
2014-01-07,398.03,119.88,70.68,149.25,33.32,31.82
2014-01-08,401.92,120.14,69.64,147.88,32.95,31.25
2014-01-09,401.01,121.26,69.34,147.42,32.77,31.05
2014-01-10,397.66,121.06,69.8,147.32,33.1,31.49
2014-01-13,390.98,120.04,67.84,144.88,32.61,30.57
2014-01-14,397.54,119.45,68.93,146.27,32.74,31.27
2014-01-15,395.87,119.97,68.77,147.7,32.8,32.12
2014-01-16,395.8,119.62,68.71,148.5,32.76,32.24
2014-01-17,399.61,119.84,68.49,149.55,32.4,31.79
2014-01-21,407.05,120.87,68.7,148.24,32.93,31.61
2014-01-22,404.54,123.17,69.72,143.38,32.91,31.4
2014-01-23,399.87,120.56,69.24,143.76,32.37,31.51
2014-01-24,387.6,116.59,67.33,141.33,32.04,32.17
2014-01-27,386.28,117.19,66.89,139.96,31.95,31.48
2014-01-28,394.43,116.96,67.47,139.13,32.06,31.69
2014-01-29,384.2,110.72,66.04,138.78,31.26,32.03
2014-01-30,403.01,107.95,67.79,139.53,31.49,32.21
2014-01-31,358.69,106.87,67.22,139.0,31.2,33.07
2014-02-03,346.15,105.01,64.8,136.02,30.69,31.88
2014-02-04,347.95,104.12,65.78,135.98,30.92,31.76
2014-02-05,346.45,103.57,66.44,137.08,31.02,31.3
2014-02-06,354.59,104.66,69.96,138.17,31.37,31.62
2014-02-07,361.08,108.37,70.06,140.21,31.3,31.95
2014-02-10,360.87,108.49,71.34,140.12,31.82,32.16
2014-02-11,361.79,111.05,72.02,142.15,31.87,32.48
2014-02-12,349.25,109.93,72.13,142.58,31.77,32.74
2014-02-13,357.2,111.11,72.12,143.84,31.88,32.86
2014-02-14,357.35,111.67,73.35,145.3,32.11,32.87
2014-02-18,353.65,112.08,73.68,144.91,30.91,32.94
2014-02-19,347.38,110.16,73.02,144.72,30.6,33.02
2014-02-20,349.8,111.16,73.32,145.76,30.77,33.23
2014-02-21,346.76,110.06,74.19,144.59,30.67,33.44
2014-02-24,351.78,111.19,74.74,145.11,30.93,33.18
2014-02-25,358.32,108.77,74.26,144.94,31.16,33.05
2014-02-26,359.8,108.63,74.14,145.6,31.24,32.99
2014-02-27,360.13,110.3,74.51,146.55,31.4,33.33
2014-02-28,362.1,110.61,74.82,146.48,31.51,33.73
2014-03-03,359.78,110.01,73.57,145.76,31.44,33.26
2014-03-04,363.9,111.73,75.65,147.48,31.6,33.82
2014-03-05,372.37,110.5,76.55,148.03,31.63,33.55
2014-03-06,372.16,110.56,77.16,148.43,31.73,33.59
2014-03-07,372.06,110.28,76.11,148.46,31.8,33.37
2014-03-10,370.53,108.87,75.89,147.44,31.88,33.3
2014-03-11,368.82,107.82,75.04,147.73,32.01,33.47
2014-03-12,370.64,106.76,75.34,147.31,31.98,33.69
2014-03-13,371.51,104.58,74.0,145.47,31.57,33.36
2014-03-14,373.74,105.63,74.13,144.13,31.74,33.19
2014-03-17,375.04,107.61,75.35,146.98,31.82,33.5
2014-03-18,378.77,106.42,75.91,147.77,31.93,34.82
2014-03-19,373.23,104.88,74.55,146.11,31.71,34.57
2014-03-20,368.97,106.16,74.82,148.63,31.97,35.51
2014-03-21,360.62,105.17,74.39,147.66,31.96,35.36
2014-03-24,351.85,105.89,73.59,148.91,31.93,35.66
2014-03-25,354.71,106.41,73.65,154.28,32.11,35.51
2014-03-26,343.41,105.99,72.79,152.37,32.1,35.03
2014-03-27,338.47,105.71,72.66,150.16,32.28,34.65
2014-03-28,338.29,106.78,73.13,150.65,32.38,35.48
2014-03-31,336.37,107.67,74.13,152.27,32.14,36.09
2014-04-01,342.99,110.0,75.52,153.86,31.93,36.47
2014-04-02,341.96,110.09,75.61,153.1,31.87,36.4
2014-04-03,333.62,110.49,75.63,152.42,31.65,36.1
2014-04-04,323.0,109.29,74.46,151.7,31.78,35.1
2014-04-07,317.76,107.75,73.26,153.87,32.11,35.04
2014-04-08,327.07,106.52,73.67,152.9,32.34,35.06
2014-04-09,331.81,108.86,74.5,155.55,32.42,35.63
2014-04-10,317.11,106.08,71.76,154.79,32.33,34.65
2014-04-11,311.73,104.73,71.3,154.4,32.12,34.52
2014-04-14,315.91,105.75,71.86,156.44,32.2,34.49
2014-04-15,316.08,106.62,71.9,155.85,33.41,35.0
2014-04-16,323.68,108.14,73.09,155.36,33.75,35.57
2014-04-17,324.91,109.75,74.06,150.3,33.86,35.22
2014-04-21,330.87,109.67,73.24,152.09,33.88,35.16
2014-04-22,329.32,109.44,73.56,152.0,33.85,35.21
2014-04-23,324.58,112.08,73.62,151.66,33.86,34.94
2014-04-24,337.15,111.42,73.69,150.47,33.84,35.09
2014-04-25,303.83,110.39,72.43,150.0,34.1,35.14
2014-04-28,296.58,109.0,72.01,152.78,34.11,35.98
2014-04-29,300.38,110.14,72.81,154.34,33.73,35.66
2014-04-30,304.13,110.7,73.46,155.41,33.91,35.57
2014-05-01,307.89,110.22,73.66,153.09,33.91,35.22
2014-05-02,308.01,111.49,74.35,151.43,34.05,34.94
2014-05-05,310.05,113.22,75.2,151.29,33.89,34.71
2014-05-06,297.38,112.25,75.02,150.32,33.66,34.39
2014-05-07,292.71,112.46,74.33,150.61,34.01,34.7
2014-05-08,288.32,112.65,75.55,150.3,33.86,34.9
2014-05-09,292.24,113.11,75.87,151.23,33.98,34.81
2014-05-12,302.86,114.41,76.31,153.22,33.94,35.19
2014-05-13,304.64,115.14,75.99,152.91,34.18,35.84
2014-05-14,297.62,114.74,74.92,150.15,34.0,35.68
2014-05-15,295.19,113.21,74.21,148.35,33.69,35.11
2014-05-16,297.7,112.86,74.43,148.83,34.0,35.31
2014-05-19,296.76,113.33,75.04,148.78,33.85,35.24
2014-05-20,301.19,111.8,75.08,147.11,33.74,35.18
2014-05-21,305.01,112.99,76.09,148.3,33.98,35.77
2014-05-22,304.91,113.75,76.24,147.73,33.74,35.55
2014-05-23,312.24,114.24,77.14,147.94,33.74,35.57
2014-05-27,310.82,115.76,77.53,147.02,33.9,35.63
2014-05-28,310.16,115.9,77.4,145.67,33.74,35.47
2014-05-29,313.78,116.6,77.8,146.21,33.81,35.77
2014-05-30,312.55,116.69,77.78,146.68,34.01,36.3
2014-06-02,308.84,117.25,78.02,147.74,33.97,36.16
2014-06-03,307.19,117.24,77.66,146.69,33.99,35.72
2014-06-04,306.78,116.76,77.99,146.8,33.91,35.75
2014-06-05,323.57,118.05,78.49,147.97,34.0,36.54
2014-06-06,329.67,119.28,78.33,148.28,34.08,36.78
2014-06-09,327.5,119.03,79.14,148.16,34.01,36.59
2014-06-10,332.41,118.42,78.46,146.63,34.15,36.45
2014-06-11,335.2,115.7,78.06,145.0,33.97,36.23
2014-06-12,325.91,114.05,76.66,144.19,33.86,35.98
2014-06-13,326.27,114.14,76.66,145.25,33.82,36.55
2014-06-16,327.62,114.35,77.12,145.08,34.06,36.79
2014-06-17,325.62,114.28,76.99,145.01,34.28,36.95
2014-06-18,334.38,114.3,77.38,146.08,34.81,36.93
2014-06-19,327.0,114.6,77.56,145.46,35.01,36.8
2014-06-20,324.2,113.97,76.68,144.45,34.92,36.95
2014-06-23,327.24,112.9,76.62,144.92,34.96,37.23
2014-06-24,324.16,111.43,76.55,143.91,35.06,37.02
2014-06-25,327.44,109.63,77.68,143.79,35.15,37.26
2014-06-26,325.69,110.45,78.19,143.51,35.21,36.99
2014-06-27,324.57,110.9,78.97,144.58,35.34,37.46
2014-06-30,324.78,109.77,79.38,144.22,35.48,36.97
2014-07-01,332.39,110.57,80.06,148.27,35.43,37.12
2014-07-02,332.85,110.11,80.03,149.89,35.43,37.15
2014-07-03,337.49,110.88,80.4,150.0,35.37,37.06
2014-07-07,333.55,111.38,80.17,149.61,35.3,37.23
2014-07-08,323.81,109.39,79.49,148.96,35.13,37.04
2014-07-09,329.97,109.39,80.75,149.91,35.14,36.94
2014-07-10,327.92,109.39,80.42,149.34,35.4,36.96
2014-07-11,346.2,110.52,80.45,149.58,35.16,37.32
2014-07-14,355.32,111.75,80.33,151.06,35.5,37.36
2014-07-15,354.44,111.39,79.76,149.97,35.27,37.64
2014-07-16,355.9,109.94,79.02,153.05,35.28,39.08
2014-07-17,352.45,108.61,78.72,153.15,35.2,39.48
2014-07-18,358.66,110.13,79.45,153.16,35.54,39.62
2014-07-21,359.76,110.7,79.38,151.85,35.52,39.75
2014-07-22,360.84,111.94,79.82,154.43,34.5,39.75
2014-07-23,358.14,109.32,79.66,154.06,34.19,39.78
2014-07-24,358.61,107.33,80.36,155.34,34.32,39.36
2014-07-25,324.01,106.3,79.83,154.67,34.34,39.45
2014-07-28,320.41,106.18,80.69,155.77,34.08,38.98
2014-07-29,320.0,105.54,79.81,154.81,33.8,38.91
2014-07-30,322.51,105.51,80.74,154.35,33.19,38.64
2014-07-31,312.99,103.95,79.51,152.5,32.91,38.27
2014-08-01,307.06,103.86,79.05,150.49,32.91,38.0
2014-08-04,313.65,103.47,80.77,150.88,33.0,38.45
2014-08-05,312.32,104.63,80.32,148.86,32.82,38.19
2014-08-06,313.89,102.72,80.17,148.84,33.44,37.89
2014-08-07,311.45,104.02,79.17,147.5,32.96,38.33
2014-08-08,316.8,104.71,80.41,149.37,33.05,38.3
2014-08-11,318.33,104.86,81.01,150.04,33.15,38.3
2014-08-12,319.32,104.57,80.74,149.94,33.24,38.58
2014-08-13,326.28,105.88,81.1,150.42,33.46,39.08
2014-08-14,333.21,107.73,82.04,150.37,33.66,39.25
2014-08-15,333.63,106.91,82.66,149.97,34.24,39.71
2014-08-18,334.53,108.48,83.3,151.55,34.64,39.99
2014-08-19,335.13,109.01,83.41,152.12,34.56,40.44
2014-08-20,335.78,110.54,83.18,152.14,34.55,40.1
2014-08-21,332.91,110.67,83.68,153.05,34.69,40.34
2014-08-22,331.59,110.64,83.78,152.39,34.45,40.28
2014-08-25,334.02,111.39,83.68,152.99,34.69,40.3
2014-08-26,341.83,111.63,83.34,154.46,34.85,40.15
2014-08-27,343.18,111.28,83.67,153.87,34.85,40.03
2014-08-28,340.02,110.33,83.54,153.67,34.87,40.04
2014-08-29,339.04,110.06,83.21,153.91,34.95,40.53
2014-09-02,342.38,108.92,84.07,153.31,34.88,40.23
2014-09-03,339.0,109.32,84.19,153.63,35.0,40.11
2014-09-04,345.95,108.9,83.45,152.61,35.07,40.38
2014-09-05,346.38,108.23,84.19,153.03,35.05,40.96
2014-09-08,342.34,111.09,83.84,152.18,35.0,41.46
2014-09-09,329.75,111.29,82.95,152.06,35.13,41.72
2014-09-10,331.33,111.3,82.88,153.3,35.32,41.79
2014-09-11,330.52,110.79,83.3,153.44,35.4,41.93
2014-09-12,331.19,110.19,83.02,153.09,34.98,41.66
2014-09-15,323.89,109.64,83.4,153.51,35.02,41.25
2014-09-16,327.76,110.52,83.57,154.43,35.13,41.72
2014-09-17,324.0,110.9,83.63,154.31,35.11,41.5
2014-09-18,325.0,111.61,83.64,155.07,35.26,41.64
2014-09-19,331.32,112.28,83.78,155.27,35.48,42.39
2014-09-22,324.5,111.64,82.67,154.55,35.62,41.98
2014-09-23,323.63,110.57,81.76,153.36,35.35,41.54
2014-09-24,328.21,111.61,82.82,153.91,35.67,42.0
2014-09-25,321.93,110.36,81.54,151.27,35.25,41.07
2014-09-26,323.21,111.71,82.16,152.11,35.61,41.4
2014-09-29,321.82,111.77,82.24,151.78,35.65,41.43
2014-09-30,322.44,110.57,82.43,151.93,36.0,41.36
2014-10-01,317.46,108.22,81.0,149.8,36.06,40.95
2014-10-02,318.41,107.78,80.35,149.59,36.0,40.82
2014-10-03,322.74,109.68,81.89,151.0,36.28,41.12
2014-10-06,322.2,109.6,81.99,151.3,36.79,41.12
2014-10-07,316.98,107.04,80.65,148.63,37.06,40.62
2014-10-08,322.7,108.48,81.57,151.55,37.59,41.73
2014-10-09,315.37,106.56,79.35,149.2,37.02,40.9
2014-10-10,311.39,105.46,79.87,148.81,37.52,39.28
2014-10-13,306.45,104.55,77.69,146.88,37.19,38.94
2014-10-14,308.31,106.15,77.9,147.1,36.82,39.01
2014-10-15,305.97,104.33,75.99,145.46,36.48,38.56
2014-10-16,302.86,104.41,75.68,143.93,35.91,38.13
2014-10-17,303.64,106.97,77.61,145.7,36.18,38.92
2014-10-20,306.21,107.9,79.18,135.34,36.53,39.33
2014-10-21,315.33,110.34,81.05,130.64,34.32,40.04
2014-10-22,312.97,105.42,80.64,129.49,34.27,39.59
2014-10-23,313.18,105.92,81.46,129.8,34.48,40.16
2014-10-24,287.06,106.11,82.04,129.72,34.62,41.15
2014-10-27,289.97,106.0,81.89,129.55,34.39,40.96
2014-10-28,295.59,107.3,83.26,130.94,34.22,41.48
2014-10-29,294.12,106.84,82.89,130.82,34.56,41.59
2014-10-30,299.07,107.48,83.53,131.54,34.93,41.08
2014-10-31,305.46,108.42,84.6,131.58,35.34,41.89
2014-11-03,305.72,109.4,84.91,131.54,35.28,42.32
2014-11-04,302.81,109.23,83.65,130.18,35.29,42.44
2014-11-05,296.52,108.45,84.25,129.51,35.7,42.7
2014-11-06,296.64,108.77,85.18,130.11,35.68,43.45
2014-11-07,299.86,108.66,83.32,130.6,35.71,43.43
2014-11-10,305.11,108.82,83.12,131.74,35.77,43.62
2014-11-11,312.01,109.45,83.31,131.59,35.87,43.6
2014-11-12,311.51,109.89,83.23,130.48,36.04,43.52
2014-11-13,316.48,112.22,83.78,131.18,36.11,44.26
2014-11-14,327.82,112.51,84.07,132.28,36.05,44.23
2014-11-17,323.05,112.12,83.7,132.28,36.21,44.12
2014-11-18,324.93,114.08,83.58,130.45,36.73,43.76
2014-11-19,326.54,114.91,83.16,130.08,37.31,43.29
2014-11-20,330.54,114.98,82.31,129.45,37.34,43.72
2014-11-21,332.63,115.93,82.36,129.67,37.55,43.07
2014-11-24,335.64,117.53,83.86,130.66,37.35,42.72
2014-11-25,335.04,117.7,84.85,130.35,37.49,42.62
2014-11-26,333.57,117.67,85.1,130.5,37.63,42.87
2014-11-28,338.64,117.31,85.65,130.68,38.09,42.92
2014-12-01,326.0,115.59,85.82,130.17,37.85,43.65
2014-12-02,326.31,115.49,86.54,131.08,37.84,43.51
2014-12-03,316.5,115.22,86.2,132.57,37.21,43.16
2014-12-04,316.93,114.65,86.32,132.19,36.96,43.85
2014-12-05,312.63,115.43,86.81,131.57,36.98,43.47
2014-12-08,306.64,113.75,86.84,130.43,36.65,42.82
2014-12-09,312.5,113.2,86.05,131.34,35.72,42.72
2014-12-10,305.84,108.82,84.83,129.34,35.34,42.1
2014-12-11,307.36,107.71,86.02,129.79,35.28,42.35
2014-12-12,307.32,105.44,85.78,125.21,34.76,42.15
2014-12-15,306.07,106.59,85.23,123.34,34.47,41.9
2014-12-16,295.06,108.48,84.54,122.01,34.32,40.54
2014-12-17,298.88,109.19,85.68,122.43,35.3,41.06
2014-12-18,297.73,109.72,86.83,127.06,36.01,42.66
2014-12-19,299.9,110.21,87.09,127.73,35.64,42.79
2014-12-22,306.54,111.95,88.32,130.09,35.98,43.07
2014-12-23,306.29,113.53,88.78,130.74,36.51,43.5
2014-12-24,303.03,114.58,88.53,130.4,36.48,43.22
2014-12-26,309.09,114.92,89.1,130.82,36.5,42.98
2014-12-29,312.04,115.5,89.54,129.34,36.41,42.6
2014-12-30,310.3,115.1,88.79,128.97,36.33,42.21
2014-12-31,310.35,113.48,88.31,129.29,35.87,41.7
2015-01-02,308.52,113.46,87.9,130.59,35.8,41.98
2015-01-05,302.19,112.67,86.62,128.54,35.8,41.59
2015-01-06,295.29,111.34,86.16,125.76,36.07,40.98
2015-01-07,298.42,113.07,87.04,124.94,36.52,41.5
2015-01-08,300.46,115.07,87.94,127.66,36.97,42.72
2015-01-09,296.93,114.85,88.37,128.21,36.56,42.37
2015-01-12,291.41,114.26,88.57,126.06,36.23,41.84
2015-01-13,294.74,114.52,89.25,126.36,36.22,41.62
2015-01-14,293.27,113.83,88.35,125.55,36.16,41.26
2015-01-15,286.95,113.62,88.46,124.56,36.01,40.83
2015-01-16,290.74,114.18,89.24,126.63,36.13,41.51
2015-01-20,289.44,114.57,88.83,126.47,36.67,41.65
2015-01-21,297.25,115.6,88.29,122.56,36.84,41.23
2015-01-22,310.32,118.42,89.21,125.22,37.2,42.31
2015-01-23,312.39,117.53,88.81,125.6,36.8,42.36
2015-01-26,309.66,117.05,89.04,126.0,36.53,42.2
2015-01-27,306.75,115.67,88.11,123.83,36.01,38.3
2015-01-28,303.91,121.92,86.89,122.12,35.62,36.98
2015-01-29,311.78,129.02,87.4,125.29,35.77,37.71
2015-01-30,354.53,126.92,85.28,123.54,34.98,36.27
2015-02-02,364.47,127.7,86.19,124.63,35.34,37.06
2015-02-03,363.55,128.64,88.23,127.7,35.37,37.35
2015-02-04,364.75,128.54,94.96,126.48,35.41,37.56
2015-02-05,373.89,129.74,96.23,127.25,35.51,38.11
2015-02-06,374.28,129.22,95.65,127.17,35.22,38.07
2015-02-09,370.56,128.85,95.38,126.39,35.03,38.03
2015-02-10,373.0,129.25,95.56,128.67,36.02,38.24
2015-02-11,375.14,129.95,95.51,128.37,36.0,38.05
2015-02-12,377.17,130.09,97.12,128.63,35.83,38.68
2015-02-13,381.83,131.54,97.67,130.16,35.68,39.38
2015-02-17,375.43,131.7,97.62,130.61,35.52,39.4
2015-02-18,373.37,132.8,97.38,131.61,35.45,39.36
2015-02-19,379.0,135.07,97.41,132.99,35.78,39.33
2015-02-20,383.66,139.07,98.03,132.8,35.66,39.66
2015-02-23,380.14,135.94,98.44,132.2,35.56,39.92
2015-02-24,378.59,135.62,98.14,133.75,35.79,39.86
2015-02-25,385.37,134.42,98.98,132.12,35.73,39.77
2015-02-26,384.8,133.29,98.04,130.54,36.07,39.84
2015-02-27,380.16,132.52,97.59,131.41,36.79,39.65
2015-03-02,385.66,135.11,99.28,130.23,36.7,39.67
2015-03-03,384.61,136.67,99.71,130.67,36.49,39.13
2015-03-04,382.72,135.59,98.98,129.36,36.11,38.93
2015-03-05,387.83,135.7,98.48,130.79,36.02,38.98
2015-03-06,380.09,134.51,97.34,128.62,35.28,38.3
2015-03-09,378.56,135.95,98.69,130.46,35.17,38.74
2015-03-10,369.51,133.9,96.66,128.06,34.57,38.0
2015-03-11,366.37,132.8,96.47,127.24,34.07,37.96
2015-03-12,374.24,133.56,100.48,128.2,34.75,37.09
2015-03-13,370.58,133.15,99.8,125.19,34.19,37.41
2015-03-16,373.35,135.0,100.67,127.47,34.51,37.58
2015-03-17,371.92,135.73,100.29,127.37,34.7,37.7
2015-03-18,375.14,136.81,101.23,129.68,34.78,38.43
2015-03-19,373.24,135.38,100.67,129.68,34.28,38.24
2015-03-20,378.49,135.73,101.66,132.17,34.82,38.77
2015-03-23,375.11,134.24,101.47,133.59,34.8,38.75
2015-03-24,374.09,133.22,100.43,132.27,34.67,38.79
2015-03-25,370.96,130.22,98.45,129.19,34.65,37.49
2015-03-26,367.35,130.16,98.67,130.31,34.57,37.26
2015-03-27,370.56,130.76,98.9,130.16,34.33,37.04
2015-03-30,374.59,134.14,99.5,132.0,34.7,37.03
2015-03-31,372.1,131.84,98.34,130.24,34.74,36.76
2015-04-01,370.26,130.58,98.86,129.17,34.85,36.82
2015-04-02,372.25,131.14,99.39,130.2,34.85,36.43
2015-04-06,377.04,132.59,99.04,131.49,35.27,37.57
2015-04-07,374.41,133.81,98.85,131.52,35.13,37.55
2015-04-08,381.2,134.72,99.72,131.34,35.03,37.45
2015-04-09,383.54,134.78,100.11,131.73,35.17,37.5
2015-04-10,382.65,135.62,100.28,132.16,35.02,37.72
2015-04-13,382.36,134.62,99.86,131.77,34.87,37.76
2015-04-14,385.11,134.59,100.0,131.7,34.7,37.66
2015-04-15,383.45,133.91,100.3,133.19,34.61,38.21
2015-04-16,386.04,133.5,101.35,132.38,34.78,38.12
2015-04-17,375.56,131.42,100.03,130.38,34.52,37.63
2015-04-20,389.51,134.12,101.47,134.83,34.83,38.8
2015-04-21,391.18,134.7,100.96,133.29,34.93,38.55
2015-04-22,389.8,132.82,101.2,134.19,35.39,38.87
2015-04-23,389.99,131.66,102.2,138.15,35.08,39.19
2015-04-24,445.1,130.37,102.7,137.77,35.03,43.28
2015-04-27,438.56,129.84,103.29,138.54,34.98,43.43
2015-04-28,429.31,129.58,103.06,141.13,34.93,44.45
2015-04-29,429.37,128.39,102.96,141.52,34.69,44.36
2015-04-30,421.78,125.92,101.94,139.0,34.75,43.98
2015-05-01,422.87,127.09,103.62,140.93,35.05,44.0
2015-05-04,423.04,126.52,104.1,141.17,35.09,43.62
2015-05-05,421.19,125.54,103.9,140.45,34.91,43.04
2015-05-06,419.1,124.7,102.87,139.04,34.83,41.84
2015-05-07,426.88,125.09,102.44,140.88,34.87,42.22
2015-05-08,433.69,128.6,103.24,142.27,35.11,43.17
2015-05-11,432.85,128.98,101.82,140.99,35.07,42.83
2015-05-12,431.02,128.58,102.42,140.52,34.86,42.81
2015-05-13,426.87,128.74,102.38,141.94,35.17,43.06
2015-05-14,432.28,130.81,103.07,143.4,35.55,44.05
2015-05-15,426.0,129.86,103.42,142.75,35.57,43.67
2015-05-18,425.24,129.71,103.45,142.59,35.4,43.41
2015-05-19,421.71,130.01,103.66,142.93,35.39,43.3
2015-05-20,423.86,129.45,103.32,143.16,35.42,43.3
2015-05-21,431.63,130.27,103.5,142.82,35.32,43.15
2015-05-22,427.63,128.03,103.38,141.89,35.3,42.68
2015-05-26,425.47,126.25,102.61,140.17,35.11,42.4
2015-05-27,431.42,126.43,103.48,141.71,35.23,43.33
2015-05-28,426.57,125.84,103.63,141.47,35.24,43.18
2015-05-29,429.23,124.24,103.48,139.78,35.09,42.64
2015-06-01,430.92,124.88,104.04,140.21,35.07,42.98
2015-06-02,430.99,126.65,103.84,139.78,35.11,42.7
2015-06-03,436.59,127.14,104.23,140.0,35.01,42.63
2015-06-04,430.78,124.83,103.42,138.73,34.77,42.19
2015-06-05,426.95,124.42,103.42,137.92,34.35,41.99
2015-06-08,423.5,124.34,102.47,136.23,34.4,41.62
2015-06-09,425.48,123.86,101.75,136.51,34.44,41.54
2015-06-10,430.77,125.21,103.14,139.18,34.55,42.42
2015-06-11,432.97,126.39,103.72,139.06,34.64,42.26
2015-06-12,429.92,126.25,103.09,137.59,34.51,41.83
2015-06-15,423.67,125.8,103.3,136.98,34.19,41.39
2015-06-16,427.26,125.84,104.13,137.46,34.62,41.71
2015-06-17,427.81,126.81,104.53,137.73,34.78,41.83
2015-06-18,439.39,128.53,106.15,138.62,35.11,42.52
2015-06-19,434.92,128.31,105.59,137.59,34.89,41.95
2015-06-22,436.29,128.82,106.45,138.19,34.96,42.07
2015-06-23,445.99,127.69,107.27,138.93,34.88,41.78
2015-06-24,440.84,126.43,106.67,137.57,34.71,41.53
2015-06-25,440.1,125.94,107.31,136.84,34.57,41.54
2015-06-26,438.1,125.97,107.81,136.32,34.55,41.19
2015-06-29,429.86,122.65,106.0,134.27,34.03,40.38
2015-06-30,434.09,122.64,107.02,134.02,33.88,40.18
2015-07-01,437.39,124.42,108.57,135.53,34.12,40.45
2015-07-02,437.71,123.96,108.42,136.02,34.11,40.41
2015-07-06,436.04,124.24,109.11,135.72,34.05,40.4
2015-07-07,436.72,126.56,110.43,135.95,34.76,40.31
2015-07-08,429.7,125.47,108.63,134.43,34.43,40.26
2015-07-09,434.39,126.25,109.02,135.0,34.48,40.51
2015-07-10,443.51,127.74,109.81,137.55,34.89,40.6
2015-07-13,455.57,129.63,111.33,139.55,35.12,41.44
2015-07-14,465.57,130.63,111.14,138.92,35.56,41.52
2015-07-15,461.19,129.87,111.56,138.85,35.53,41.64
2015-07-16,475.48,131.28,112.29,140.89,35.83,42.46
2015-07-17,483.01,129.82,112.09,142.13,35.63,42.43
2015-07-20,488.1,129.72,112.77,142.72,35.74,42.7
2015-07-21,488.0,128.2,112.52,134.36,35.58,43.03
2015-07-22,488.27,129.5,112.53,132.11,35.33,41.44
2015-07-23,482.18,129.18,112.03,133.25,35.27,41.96
2015-07-24,529.42,127.37,112.14,131.62,34.93,41.81
2015-07-27,531.41,124.69,111.52,131.06,35.02,41.27
2015-07-28,526.03,125.38,111.71,131.87,35.02,41.26
2015-07-29,529.0,127.44,113.02,132.72,35.06,42.12
2015-07-30,536.76,126.44,113.19,132.62,35.03,42.66
2015-07-31,536.15,127.46,113.17,133.47,35.48,42.5
2015-08-03,535.03,127.04,114.22,130.76,35.88,42.6
2015-08-04,531.9,126.91,114.76,129.85,36.15,43.26
2015-08-05,537.01,128.97,104.24,130.1,36.38,43.3
2015-08-06,529.46,127.96,102.37,129.86,36.21,42.43
2015-08-07,522.62,126.72,103.12,128.87,36.08,42.53
2015-08-10,524.0,129.78,104.68,130.22,36.0,43.07
2015-08-11,527.46,128.17,101.85,129.19,35.83,42.23
2015-08-12,525.91,126.73,100.9,129.73,35.64,42.53
2015-08-13,529.66,128.85,101.4,128.82,35.5,42.53
2015-08-14,531.52,129.09,101.06,129.39,35.63,42.77
2015-08-17,535.22,128.52,102.84,129.85,35.72,43.06
2015-08-18,535.02,128.66,100.85,129.61,35.67,43.3
2015-08-19,532.92,126.99,100.39,127.89,35.22,42.7
2015-08-20,515.78,121.91,94.32,126.82,35.02,41.83
2015-08-21,494.47,117.19,93.21,123.66,34.14,39.45
2015-08-24,463.37,113.17,89.93,119.19,33.15,38.18
2015-08-25,466.37,111.66,90.43,117.1,32.81,37.07
2015-08-26,500.77,115.08,93.58,121.87,33.45,39.12
2015-08-27,518.37,117.33,96.35,123.4,33.92,40.21
2015-08-28,518.01,118.55,96.64,122.93,34.07,40.24
2015-08-31,512.89,116.27,96.08,122.86,33.96,39.87
2015-09-01,496.54,113.39,93.84,118.53,33.47,38.31
2015-09-02,510.55,116.23,96.09,120.5,33.6,39.72
2015-09-03,504.72,116.58,96.18,121.94,33.82,39.85
2015-09-04,499.0,115.45,95.22,119.38,33.27,39.03
2015-09-08,517.54,119.07,98.09,122.31,33.6,40.2
2015-09-09,516.89,118.03,96.11,120.5,33.08,39.45
2015-09-10,522.24,118.83,96.76,121.46,33.18,39.65
2015-09-11,529.44,119.82,98.53,122.43,33.22,39.83
2015-09-14,521.38,119.61,97.91,121.0,33.19,39.43
2015-09-15,522.37,121.27,97.54,122.56,33.54,40.29
2015-09-16,527.39,122.07,98.04,123.29,34.11,40.58
2015-09-17,538.87,122.3,98.27,123.07,34.31,40.53
2015-09-18,540.26,121.09,96.98,120.05,33.96,39.83
2015-09-21,548.39,121.02,97.52,121.69,34.14,40.41
2015-09-22,538.4,119.22,96.65,119.99,33.79,40.21
2015-09-23,536.07,117.15,95.79,119.35,33.77,40.19
2015-09-24,533.75,115.45,94.89,119.97,34.11,40.22
2015-09-25,524.25,116.57,94.59,120.81,34.52,40.25
2015-09-28,504.06,114.0,92.88,118.4,34.44,39.65
2015-09-29,496.07,114.56,93.76,118.36,34.55,39.79
2015-09-30,511.89,116.51,96.38,120.43,34.95,40.54
2015-10-01,520.72,116.21,96.82,119.29,34.67,40.86
2015-10-02,532.54,117.95,97.13,120.11,35.19,41.74
2015-10-05,543.68,119.24,97.94,123.82,35.73,42.71
2015-10-06,537.48,119.79,97.86,123.6,35.68,42.82
2015-10-07,541.94,121.91,97.5,124.69,36.17,42.87
2015-10-08,533.16,123.71,98.65,126.51,36.57,43.47
2015-10-09,539.8,124.3,99.55,126.6,36.61,43.15
2015-10-12,550.19,125.17,100.29,125.56,36.59,43.05
2015-10-13,548.9,124.82,100.52,124.3,36.29,42.95
2015-10-14,544.83,119.42,99.71,124.62,36.31,42.76
2015-10-15,562.44,122.24,101.75,124.69,36.52,43.06
2015-10-16,570.76,122.43,102.08,124.94,36.61,43.52
2015-10-19,573.15,123.16,103.24,123.96,36.58,43.62
2015-10-20,560.88,123.57,103.58,116.84,36.84,43.76
2015-10-21,555.77,125.62,103.82,117.07,36.76,43.24
2015-10-22,563.91,130.18,106.8,119.7,37.67,44.0
2015-10-23,599.03,130.53,106.65,120.19,37.28,48.43
2015-10-26,608.61,130.53,107.06,119.35,37.1,49.69
2015-10-27,611.01,132.09,107.29,114.53,37.12,49.18
2015-10-28,617.1,131.58,107.83,116.99,37.23,49.45
2015-10-29,626.55,130.95,108.49,116.76,37.28,48.88
2015-10-30,625.9,131.75,107.26,116.37,36.9,48.22
2015-11-02,628.35,132.04,108.49,116.61,36.8,48.77
2015-11-03,625.31,131.76,108.96,117.87,36.73,49.6
2015-11-04,640.95,132.67,106.8,117.66,36.56,49.83
2015-11-05,655.65,132.47,106.56,116.21,36.88,49.81
2015-11-06,659.37,132.44,109.08,115.93,36.56,50.31
2015-11-09,655.49,130.69,109.79,113.46,36.19,49.61
2015-11-10,659.68,129.95,110.73,113.6,36.39,49.02
2015-11-11,673.25,129.8,109.88,113.22,36.63,49.14
2015-11-12,665.6,127.61,109.59,111.56,36.22,48.84
2015-11-13,642.35,127.65,108.3,110.48,36.05,48.4
2015-11-16,647.81,129.29,109.32,112.12,36.56,49.25
2015-11-17,643.3,130.78,109.52,112.21,36.3,48.85
2015-11-18,663.54,132.75,111.41,113.89,36.83,49.66
2015-11-19,661.27,133.61,111.95,114.66,37.56,49.74
2015-11-20,668.45,133.75,113.23,116.14,36.97,49.97
2015-11-23,678.99,132.8,112.62,116.1,37.43,49.97
2015-11-24,671.15,133.08,111.23,116.22,37.78,50.03
2015-11-25,675.34,131.99,111.91,115.72,37.78,49.51
2015-11-27,673.26,131.56,108.57,116.1,37.88,49.73
2015-11-30,664.8,130.21,107.01,116.91,37.42,50.12
2015-12-01,679.06,132.26,108.82,118.47,37.65,50.92
2015-12-02,676.01,131.57,107.51,117.14,37.55,50.91
2015-12-03,666.25,130.31,105.52,116.49,37.28,49.98
2015-12-04,672.64,132.95,107.73,117.76,38.0,51.56
2015-12-07,669.83,132.9,107.35,117.02,37.92,51.47
2015-12-08,677.33,129.8,106.07,115.76,37.76,51.45
2015-12-09,664.79,129.13,105.12,114.55,37.45,50.7
2015-12-10,662.32,131.07,105.12,114.7,37.54,50.97
2015-12-11,640.15,129.47,102.54,112.84,37.11,49.85
2015-12-14,657.91,128.02,103.78,113.98,37.27,50.85
2015-12-15,658.64,131.18,106.45,115.54,37.81,50.91
2015-12-16,675.77,132.6,108.0,116.8,38.49,51.76
2015-12-17,670.65,130.31,106.31,114.67,38.18,51.37
2015-12-18,664.14,124.96,102.24,113.12,37.31,49.92
2015-12-21,664.51,126.14,101.16,113.62,37.56,50.56
2015-12-22,663.15,127.47,101.31,115.66,38.0,51.04
2015-12-23,663.7,128.97,100.19,116.17,38.34,51.48
2015-12-24,662.79,128.5,100.47,115.93,38.22,51.34
2015-12-28,675.2,129.4,101.79,115.39,38.18,51.6
2015-12-29,693.97,131.92,101.63,117.21,38.37,52.15
2015-12-30,689.07,131.07,100.93,116.84,38.25,51.93
2015-12-31,675.89,129.44,99.73,115.4,37.71,51.16
2016-01-04,636.99,125.78,97.74,114.0,37.22,50.54
2016-01-05,633.79,126.29,95.76,113.92,37.35,50.77
2016-01-06,632.65,124.29,95.25,113.35,37.15,49.84
2016-01-07,607.94,119.08,94.44,111.41,36.54,48.11
2016-01-08,607.05,116.37,94.2,110.38,36.44,48.26
2016-01-11,617.74,116.57,94.83,111.72,36.5,48.23
2016-01-12,617.89,118.1,96.3,111.44,36.98,48.67
2016-01-13,581.81,114.7,93.47,109.99,36.74,47.62
2016-01-14,593.0,115.67,94.06,111.45,36.77,48.98
2016-01-15,570.18,112.47,89.12,109.04,36.43,47.02
2016-01-19,574.48,112.86,89.19,107.43,36.8,46.63
2016-01-20,571.77,109.35,87.83,102.18,36.33,46.84
2016-01-21,575.02,110.47,89.23,103.07,36.34,46.55
2016-01-22,596.38,111.56,91.97,102.72,36.92,48.22
2016-01-25,596.53,111.02,90.44,102.37,37.01,47.76
2016-01-26,601.25,114.6,91.37,102.8,36.94,48.11
2016-01-27,583.35,104.37,89.52,101.43,36.95,47.24
2016-01-28,635.35,105.65,88.77,102.49,37.37,48.01
2016-01-29,587.0,107.55,90.94,104.64,37.68,50.8
2016-02-01,574.81,108.83,90.31,104.68,37.75,50.45
2016-02-02,552.1,105.21,88.38,103.09,37.26,48.88
2016-02-03,531.07,109.1,90.3,104.58,37.5,48.1
2016-02-04,536.26,110.66,90.57,107.04,37.34,47.95
2016-02-05,502.13,109.72,89.12,107.81,37.26,46.26
2016-02-08,488.1,106.96,87.43,107.57,37.44,45.57
2016-02-09,482.07,106.43,87.62,105.1,38.01,45.45
2016-02-10,490.48,105.14,84.33,101.81,37.35,45.84
2016-02-11,503.82,97.98,85.71,99.83,37.23,45.82
2016-02-12,507.08,98.15,86.51,102.53,37.85,46.57
2016-02-16,521.1,101.74,88.18,103.97,38.07,47.45
2016-02-17,534.1,105.12,90.64,106.82,38.18,48.69
2016-02-18,525.0,106.23,90.33,112.2,38.28,48.48
2016-02-19,534.9,104.05,90.17,112.73,38.43,48.13
2016-02-22,559.5,106.07,91.46,113.32,38.57,48.9
2016-02-23,552.94,105.62,90.52,112.16,38.36,47.54
2016-02-24,554.04,104.44,90.57,112.5,38.55,47.7
2016-02-25,555.15,105.55,90.78,113.94,38.77,48.39
2016-02-26,555.23,106.76,90.46,111.84,37.87,47.65
2016-02-29,552.52,106.78,90.66,111.0,37.86,47.26
2016-03-01,579.04,108.39,92.68,113.83,38.36,48.84
2016-03-02,580.21,108.11,92.06,115.46,38.43,49.18
2016-03-03,577.49,108.07,93.79,116.73,38.59,48.62
2016-03-04,575.14,109.39,93.47,116.73,38.72,48.33
2016-03-07,562.8,111.04,94.33,118.72,38.64,47.4
2016-03-08,560.26,110.55,92.84,117.81,38.91,47.97
2016-03-09,559.47,111.01,92.69,118.94,39.34,49.08
2016-03-10,558.93,111.08,92.1,118.76,39.71,48.35
2016-03-11,569.61,112.61,92.95,120.59,39.99,49.29
2016-03-14,573.37,114.15,93.78,120.95,40.07,49.39
2016-03-15,577.02,114.17,93.24,121.1,40.03,49.78
2016-03-16,574.27,115.26,93.43,122.65,39.86,50.48
2016-03-17,559.44,118.09,94.53,124.56,40.49,50.77
2016-03-18,552.08,121.04,94.15,124.6,40.34,49.68
2016-03-21,553.98,122.75,93.45,125.91,40.41,50.03
2016-03-22,560.48,122.09,92.61,125.46,40.26,50.22
2016-03-23,569.63,120.04,91.9,123.17,40.22,50.13
2016-03-24,582.95,119.38,92.27,125.33,40.33,50.35
2016-03-28,579.87,118.63,93.1,125.71,40.52,49.73
2016-03-29,593.86,118.26,93.16,126.5,41.12,50.82
2016-03-30,598.69,116.18,93.88,125.72,41.21,51.13
2016-03-31,593.64,114.7,94.25,128.29,41.04,51.3
2016-04-01,598.5,114.71,94.03,129.2,41.43,51.61
2016-04-04,593.19,114.15,93.66,128.82,41.49,51.48
2016-04-05,586.14,114.78,92.06,127.07,41.17,50.68
2016-04-06,602.08,115.59,92.52,127.08,41.33,51.2
2016-04-07,591.43,114.75,91.27,125.58,41.02,50.58
2016-04-08,594.6,115.54,91.51,126.52,41.47,50.55
2016-04-11,595.93,115.57,91.37,126.43,41.09,50.44
2016-04-12,603.17,116.98,92.39,126.75,41.27,50.76
2016-04-13,614.82,118.49,94.42,128.11,40.73,51.41
2016-04-14,620.75,118.23,93.61,128.05,40.55,51.42
2016-04-15,625.89,118.48,93.57,128.52,40.79,51.69
2016-04-18,635.35,119.24,96.31,129.21,40.89,52.44
2016-04-19,627.9,119.88,97.42,121.98,41.23,52.38
2016-04-20,632.99,117.98,98.01,123.77,39.26,51.63
2016-04-21,631.0,118.13,97.67,126.47,38.63,51.81
2016-04-22,620.5,118.41,98.49,125.8,39.41,48.09
2016-04-25,626.2,118.14,99.25,126.06,39.56,48.4
2016-04-26,616.88,120.39,99.55,126.29,39.4,47.78
2016-04-27,606.57,123.86,99.92,127.46,39.53,47.31
2016-04-28,602.0,121.8,98.73,124.58,39.49,46.35
2016-04-29,659.59,121.8,98.0,123.63,39.64,46.32
2016-05-02,683.85,121.08,99.05,123.06,39.8,47.01
2016-05-03,671.32,119.71,98.5,122.09,39.67,46.24
2016-05-04,670.9,118.26,98.39,122.2,39.8,46.32
2016-05-05,659.09,119.34,99.59,124.08,39.87,46.39
2016-05-06,673.95,120.41,100.17,125.97,40.1,46.8
2016-05-09,679.75,119.36,99.98,127.23,40.03,46.51
2016-05-10,703.07,121.72,101.17,129.5,40.48,47.39
2016-05-11,713.23,121.15,97.08,128.62,40.22,47.42
2016-05-12,717.93,122.44,96.53,128.52,40.55,47.84
2016-05-13,709.92,120.35,95.4,127.56,40.12,47.44
2016-05-16,710.66,122.19,95.25,129.06,40.36,48.14
2016-05-17,695.27,120.75,94.85,127.8,39.59,47.24
2016-05-18,697.45,119.32,93.96,127.23,39.35,47.52
2016-05-19,698.52,116.67,93.4,125.15,39.21,47.07
2016-05-20,702.8,116.04,94.7,127.15,38.88,47.35
2016-05-23,696.75,116.21,94.13,126.73,38.9,46.79
2016-05-24,704.2,116.14,94.44,128.06,39.26,48.25
2016-05-25,708.35,117.38,94.78,130.98,39.26,48.75
2016-05-26,714.91,117.79,94.73,131.63,39.54,48.53
2016-05-27,712.24,117.71,95.18,131.98,39.62,48.94
2016-05-31,722.79,114.91,94.17,132.75,39.46,49.57
2016-06-01,719.44,115.15,93.5,131.69,39.55,49.43
2016-06-02,728.24,115.55,93.69,132.55,39.57,49.09
2016-06-03,725.54,116.03,93.72,132.02,39.85,48.44
2016-06-06,726.73,120.15,93.75,131.88,40.14,48.76
2016-06-07,723.74,120.18,93.34,132.4,40.1,48.73
2016-06-08,726.64,121.15,93.05,132.98,40.3,48.67
2016-06-09,727.65,121.24,92.86,132.48,40.49,48.28
2016-06-10,717.91,119.46,92.38,131.57,40.69,48.15
2016-06-13,715.24,118.35,92.6,130.63,40.23,46.9
2016-06-14,719.3,118.87,93.39,130.44,40.15,46.61
2016-06-15,714.26,118.56,93.27,130.11,40.13,46.48
2016-06-16,717.51,117.84,93.37,130.44,40.39,47.13
2016-06-17,706.39,118.25,93.96,131.24,39.93,46.89
2016-06-20,714.01,120.92,94.5,132.64,40.1,46.83
2016-06-21,715.82,119.8,93.79,133.02,40.23,47.88
2016-06-22,710.6,120.03,93.76,132.05,39.99,47.69
2016-06-23,722.08,121.65,93.98,134.14,40.19,48.55
2016-06-24,698.96,115.25,90.85,126.58,39.16,46.61
2016-06-27,691.36,111.77,89.58,123.91,39.03,45.3
2016-06-28,707.95,112.85,91.16,125.81,39.39,46.24
2016-06-29,715.6,115.68,92.04,128.19,39.62,47.27
2016-06-30,715.62,118.3,92.84,131.06,40.41,47.86
2016-07-01,725.68,118.14,93.04,131.55,40.23,47.85
2016-07-05,728.1,115.66,92.69,130.97,40.5,47.86
2016-07-06,737.61,115.65,93.44,131.57,40.36,48.06
2016-07-07,736.57,115.84,94.08,131.77,40.2,48.06
2016-07-08,745.81,118.5,95.24,133.37,40.46,48.92
2016-07-11,753.78,120.28,95.58,134.13,40.63,49.19
2016-07-12,748.21,119.16,95.79,135.6,40.64,49.77
2016-07-13,742.63,118.52,95.48,136.45,40.78,50.05
2016-07-14,741.2,119.83,95.57,138.4,40.73,50.26
2016-07-15,735.44,120.6,95.41,137.97,40.68,50.23
2016-07-18,736.07,121.54,95.74,138.04,40.68,50.47
2016-07-19,739.95,122.66,95.09,137.8,40.68,49.66
2016-07-20,745.72,122.72,93.9,139.33,40.57,52.29
2016-07-21,744.43,121.63,93.7,138.55,40.52,52.19
2016-07-22,744.86,121.58,93.41,139.95,40.86,52.91
2016-07-25,739.61,121.1,93.1,140.45,40.63,53.06
2016-07-26,735.59,122.84,92.43,139.99,40.01,53.09
2016-07-27,736.67,123.85,92.09,139.74,38.69,52.56
2016-07-28,752.61,121.16,91.69,139.34,38.91,52.57
2016-07-29,758.81,121.75,91.73,138.69,38.9,53.01
2016-08-01,767.74,121.34,91.34,139.41,38.74,52.92
2016-08-02,760.58,119.88,90.83,138.66,38.81,52.92
2016-08-03,754.64,120.12,91.86,138.74,38.91,53.28
2016-08-04,760.77,119.52,90.97,139.5,38.79,53.68
2016-08-05,765.98,119.99,91.61,141.18,38.76,54.21
2016-08-08,766.56,120.41,91.54,141.13,38.73,54.3
2016-08-09,768.31,120.8,92.42,140.89,38.75,54.44
2016-08-10,768.56,121.49,93.55,141.16,38.88,54.27
2016-08-11,771.24,122.15,93.47,142.43,39.0,54.53
2016-08-12,772.56,122.25,92.58,141.05,39.25,54.19
2016-08-15,768.49,123.68,92.83,140.99,39.44,54.36
2016-08-16,764.04,123.99,92.62,139.96,39.08,54.06
2016-08-17,764.63,123.73,92.61,139.74,39.28,54.17
2016-08-18,764.46,123.99,92.4,140.54,39.32,54.21
2016-08-19,757.31,123.48,92.15,139.39,39.16,54.23
2016-08-22,759.48,123.98,91.65,139.35,39.0,54.28
2016-08-23,762.45,123.2,91.75,139.58,39.09,54.48
2016-08-24,757.25,122.42,91.6,138.52,39.09,54.54
2016-08-25,759.22,122.14,91.34,138.16,38.93,54.75
2016-08-26,769.0,121.45,91.02,137.89,38.62,54.61
2016-08-29,771.29,122.06,90.69,139.11,38.82,54.68
2016-08-30,767.58,120.14,90.69,138.83,38.55,54.48
2016-08-31,769.16,118.89,90.3,138.38,38.72,54.08
2016-09-01,770.62,119.31,90.11,138.95,38.65,54.2
2016-09-02,772.44,120.46,90.26,138.96,38.92,54.28
2016-09-06,788.87,122.15,89.67,139.66,39.04,54.22
2016-09-07,784.48,121.82,89.59,140.78,38.91,54.27
2016-09-08,784.06,122.06,89.95,138.48,38.9,54.05
2016-09-09,760.14,118.05,88.35,135.6,37.68,52.9
2016-09-12,771.49,119.51,89.52,137.86,38.5,53.69
2016-09-13,761.01,118.26,88.62,135.7,38.0,53.2
2016-09-14,761.09,117.26,88.2,134.17,37.85,52.95
2016-09-15,769.69,117.35,88.43,135.57,38.07,53.82
2016-09-16,778.52,116.37,88.49,133.99,37.88,53.88
2016-09-19,775.1,117.08,88.55,134.88,37.84,53.58
2016-09-20,780.22,117.37,88.86,134.52,38.06,53.47
2016-09-21,789.74,119.91,88.32,135.46,38.23,54.36
2016-09-22,804.7,121.12,89.3,135.96,38.61,54.42
2016-09-23,805.75,121.03,89.17,134.98,38.41,54.05
2016-09-26,799.16,119.92,87.91,134.11,37.79,53.55
2016-09-27,816.11,120.61,87.68,136.54,38.28,54.54
2016-09-28,828.72,121.45,88.14,137.86,37.88,54.61
2016-09-29,829.05,120.35,87.76,137.71,37.78,54.02
2016-09-30,837.31,121.0,88.77,138.35,38.04,54.21
2016-10-03,836.74,121.59,88.42,137.27,37.78,54.04
2016-10-04,834.03,121.47,88.52,136.27,37.61,53.87
2016-10-05,844.36,123.68,88.38,136.81,37.58,54.25
2016-10-06,841.66,123.46,88.74,136.63,37.49,54.34
2016-10-07,839.43,122.94,88.42,135.58,37.51,54.4
2016-10-10,841.71,124.76,88.42,136.76,37.51,54.62
2016-10-11,831.0,122.83,87.82,134.81,37.34,53.82
2016-10-12,834.09,122.3,87.39,134.38,37.55,53.75
2016-10-13,829.28,122.5,87.11,133.88,37.53,53.57
2016-10-14,822.96,122.61,87.28,134.52,37.45,54.04
2016-10-17,812.95,123.07,86.83,134.8,37.39,53.85
2016-10-18,817.65,124.08,87.16,131.27,37.72,54.27
2016-10-19,817.69,125.08,87.88,131.74,37.79,54.14
2016-10-20,810.32,124.76,87.98,131.97,37.69,53.88
2016-10-21,818.99,124.57,88.94,130.32,37.87,56.15
2016-10-24,838.09,126.24,89.26,131.14,38.25,57.41
2016-10-25,835.18,127.68,88.67,131.41,38.24,57.4
2016-10-26,822.59,133.67,89.38,132.22,38.15,57.06
2016-10-27,818.36,131.62,89.88,133.56,37.86,56.56
2016-10-28,776.32,131.35,89.72,132.92,37.96,56.35
2016-10-31,789.82,130.82,88.61,133.86,38.11,56.39
2016-11-01,785.41,130.8,88.32,133.07,37.86,56.28
2016-11-02,765.56,129.27,87.87,132.34,37.79,55.93
2016-11-03,767.03,128.6,89.26,132.71,37.78,55.73
2016-11-04,755.05,128.16,88.38,132.76,37.47,55.25
2016-11-07,784.93,131.37,90.27,135.62,38.16,56.86
2016-11-08,787.75,131.61,90.23,136.37,38.54,56.91
2016-11-09,771.88,135.32,90.47,136.05,37.99,56.63
2016-11-10,742.38,137.74,90.78,140.81,36.8,55.25
2016-11-11,739.01,138.52,93.38,141.73,36.88,55.55
2016-11-14,719.07,139.89,93.61,139.04,37.0,54.7
2016-11-15,743.24,138.14,93.4,139.45,37.25,55.78
2016-11-16,746.49,136.58,94.76,139.99,37.08,56.52
2016-11-17,756.4,135.54,95.0,140.44,36.96,57.46
2016-11-18,760.16,136.49,93.92,140.96,36.77,57.18
2016-11-21,780.0,137.12,93.33,143.05,37.17,57.67
2016-11-22,785.33,139.45,93.41,142.96,37.18,57.91
2016-11-23,780.12,139.66,93.94,142.36,36.96,57.23
2016-11-25,780.37,139.94,94.47,143.38,37.33,57.35
2016-11-28,766.77,139.68,94.61,144.59,37.53,57.43
2016-11-29,762.52,141.43,95.28,143.72,37.3,57.88
2016-11-30,750.57,140.42,94.76,142.57,36.57,57.1
2016-12-01,743.65,142.13,94.59,140.46,36.41,56.09
2016-12-02,740.34,142.0,94.17,140.63,36.58,56.14
2016-12-05,759.36,141.91,95.56,140.48,36.82,57.06
2016-12-06,764.72,141.99,96.23,140.92,36.77,56.8
2016-12-07,770.42,143.76,97.5,144.83,37.43,58.15
2016-12-08,767.33,144.93,99.59,145.33,37.14,57.81
2016-12-09,768.66,145.95,101.02,146.35,38.07,58.72
2016-12-12,760.12,146.58,100.25,145.45,37.98,58.91
2016-12-13,774.34,146.11,100.04,147.9,37.85,59.67
2016-12-14,768.82,144.07,100.24,148.1,37.35,59.39
2016-12-15,761.0,143.42,100.56,147.66,37.66,59.29
2016-12-16,757.77,144.1,100.1,146.53,37.83,59.03
2016-12-19,766.0,145.66,101.44,146.49,37.77,60.28
2016-12-20,771.22,145.86,101.6,147.3,37.76,60.2
2016-12-21,770.6,146.88,101.69,147.06,37.68,60.2
2016-12-22,766.34,146.86,101.56,146.82,37.66,60.21
2016-12-23,760.59,147.18,101.3,146.51,37.71,59.92
2016-12-27,771.4,146.88,101.32,146.89,37.72,59.96
2016-12-28,772.13,145.59,100.48,146.06,37.52,59.68
2016-12-29,765.15,145.21,100.73,146.42,37.71,59.6
2016-12-30,749.87,145.2,100.4,145.88,37.58,58.88
2017-01-03,753.67,146.4,102.19,146.94,37.89,59.29
2017-01-04,757.18,147.94,103.5,148.75,37.75,59.03
2017-01-05,780.45,148.02,103.45,148.26,37.84,59.03
2017-01-06,795.99,148.39,104.99,148.99,37.83,59.54
2017-01-09,796.92,147.66,104.39,147.34,37.45,59.35
2017-01-10,795.9,148.36,104.41,145.47,37.2,59.33
2017-01-11,799.02,148.67,105.43,147.43,37.21,59.87
2017-01-12,813.64,147.63,103.59,147.6,37.12,59.32
2017-01-13,817.14,148.13,104.1,147.07,37.05,59.41
2017-01-17,809.72,147.05,104.01,147.55,37.36,59.25
2017-01-18,807.48,147.66,104.2,146.59,37.43,59.22
2017-01-19,809.04,148.29,103.35,146.6,37.29,59.03
2017-01-20,808.33,148.79,103.72,149.89,37.45,59.45
2017-01-23,817.88,147.21,103.19,150.31,37.55,59.65
2017-01-24,822.44,149.74,103.95,154.59,37.98,60.19
2017-01-25,836.52,156.09,104.08,156.69,38.18,60.34
2017-01-26,839.15,157.73,104.1,157.02,37.9,60.9
2017-01-27,835.77,156.41,105.29,155.82,37.57,62.33
2017-01-30,830.38,154.42,106.87,154.5,37.51,61.71
2017-01-31,823.48,152.42,106.6,153.38,37.68,61.26
2017-02-01,832.35,152.93,107.22,153.17,37.4,60.24
2017-02-02,839.95,151.33,106.56,153.43,37.53,59.85
2017-02-03,810.2,151.46,106.26,154.52,37.65,60.34
2017-02-06,807.64,152.94,105.56,154.55,37.67,60.3
2017-02-07,812.5,155.29,105.01,156.84,37.98,60.1
2017-02-08,819.71,154.09,105.01,156.05,38.09,60.01
2017-02-09,821.36,154.54,105.48,156.97,37.39,60.7
2017-02-10,827.46,156.37,105.26,158.27,36.78,60.64
2017-02-13,836.53,158.06,105.63,158.88,36.82,61.32
2017-02-14,836.39,158.5,106.29,159.56,36.74,61.55
2017-02-15,842.7,159.26,106.14,160.93,36.65,61.51
2017-02-16,844.14,160.68,106.65,160.71,37.34,61.5
2017-02-17,845.07,162.47,106.03,160.04,37.37,61.6
2017-02-21,856.44,165.15,105.98,159.67,37.58,61.47
2017-02-22,855.61,164.96,106.08,160.46,37.71,61.35
2017-02-23,852.19,166.37,105.71,160.91,37.76,61.6
2017-02-24,845.24,166.91,106.28,160.64,37.87,61.6
2017-02-27,848.64,168.79,106.19,158.91,37.77,61.23
2017-02-28,845.04,169.54,106.06,159.28,38.03,60.99
2017-03-01,853.08,173.0,106.97,161.17,38.21,61.9
2017-03-02,848.91,172.14,106.54,159.91,38.49,61.02
2017-03-03,849.88,171.37,107.16,159.49,38.5,61.25
2017-03-06,846.61,170.2,106.61,159.86,38.23,61.27
2017-03-07,846.02,171.22,106.8,159.78,38.06,61.39
2017-03-08,850.5,170.96,106.78,158.96,38.06,61.95
2017-03-09,853.0,169.86,106.96,156.95,38.1,61.7
2017-03-10,852.46,168.1,106.86,157.52,38.33,61.89
2017-03-13,854.59,168.43,107.43,156.31,38.43,61.68
2017-03-14,852.53,168.13,108.19,155.65,38.38,61.4
2017-03-15,852.97,168.11,107.77,155.73,38.51,61.72
2017-03-16,853.42,167.62,107.62,157.0,38.63,61.62
2017-03-17,852.31,169.42,107.66,155.59,38.43,61.84
2017-03-20,856.97,168.75,108.58,155.64,38.57,61.89
2017-03-21,843.2,165.52,107.66,154.02,38.86,61.21
2017-03-22,848.06,166.48,107.97,154.82,38.75,61.99
2017-03-23,847.38,166.75,108.13,154.86,38.56,61.84
2017-03-24,845.61,165.39,108.03,153.98,38.51,61.94
2017-03-27,846.82,165.65,108.26,153.93,38.7,62.06
2017-03-28,856.0,166.84,108.91,154.58,38.8,62.24
2017-03-29,874.32,167.09,108.41,154.08,38.79,62.41
2017-03-30,876.34,167.42,109.03,154.01,38.95,62.64
2017-03-31,886.54,166.37,109.24,154.25,38.81,62.78
2017-04-03,891.51,166.17,109.05,154.57,38.78,62.49
2017-04-04,906.83,168.1,108.9,154.59,39.03,62.66
2017-04-05,909.28,166.58,108.86,153.14,38.93,62.49
2017-04-06,898.28,166.85,108.91,152.76,39.02,62.66
2017-04-07,894.88,168.24,108.45,152.48,38.96,62.61
2017-04-10,907.04,167.03,108.31,151.65,39.04,62.47
2017-04-11,902.36,167.98,108.93,151.1,39.01,62.42
2017-04-12,896.23,165.61,108.9,151.17,39.26,62.18
2017-04-13,884.67,165.2,109.05,150.17,39.13,61.91
2017-04-17,901.99,168.4,109.61,151.56,39.38,62.42
2017-04-18,903.78,167.3,110.01,150.63,39.76,62.33
2017-04-19,899.2,167.82,109.56,143.22,39.53,62.0
2017-04-20,902.06,168.66,110.58,143.77,39.4,62.44
2017-04-21,898.53,169.68,110.25,142.06,39.38,63.3
2017-04-24,907.41,171.26,109.53,142.39,39.58,64.37
2017-04-25,907.62,172.62,110.96,142.07,39.42,64.74
2017-04-26,909.29,170.93,111.34,141.78,39.54,64.66
2017-04-27,918.38,172.35,111.6,142.01,39.33,65.08
2017-04-28,924.99,173.87,111.36,141.98,39.46,65.26
2017-05-01,948.23,171.57,110.53,140.7,39.52,66.16
2017-05-02,946.94,172.56,110.18,140.93,39.68,66.06
2017-05-03,941.03,172.51,107.53,140.51,39.61,65.85
2017-05-04,937.53,172.21,107.1,140.89,39.92,65.59
2017-05-05,934.15,174.04,107.89,137.34,39.95,65.77
2017-05-08,949.04,174.99,107.34,136.88,40.13,65.72
2017-05-09,952.82,175.82,107.96,136.06,39.79,65.81
2017-05-10,948.95,173.63,105.64,135.29,39.84,66.07
2017-05-11,947.62,174.35,105.56,134.75,39.93,65.26
2017-05-12,961.35,173.7,105.67,134.5,39.86,65.18
2017-05-15,957.97,172.88,105.13,135.52,39.99,65.23
2017-05-16,966.07,173.18,104.02,137.46,40.1,66.54
2017-05-17,944.76,169.46,102.41,135.0,40.17,64.69
2017-05-18,958.49,168.15,102.77,134.87,40.05,64.91
2017-05-19,959.84,171.34,103.58,135.94,40.14,64.9
2017-05-22,970.67,174.1,103.69,136.53,40.4,65.62
2017-05-23,971.54,173.93,103.1,135.98,40.59,65.84
2017-05-24,980.35,175.6,103.76,136.41,41.18,65.93
2017-05-25,993.38,177.32,103.34,137.03,41.52,66.75
2017-05-26,995.78,176.87,104.44,136.4,41.5,67.07
2017-05-30,996.7,177.14,104.37,135.72,41.54,67.5
2017-05-31,994.62,177.85,103.98,136.52,41.58,66.96
2017-06-01,995.95,177.56,104.24,136.56,41.87,67.21
2017-06-02,1006.73,180.32,103.25,136.0,41.96,68.8
2017-06-05,1011.34,179.1,102.62,136.32,42.05,69.3
2017-06-06,1003.0,177.02,101.63,136.29,42.04,69.53
2017-06-07,1010.07,178.3,102.04,135.04,41.61,69.4
2017-06-08,1010.27,180.03,100.5,136.05,41.27,68.98
2017-06-09,978.31,180.13,101.75,137.84,41.44,67.42
2017-06-12,964.91,180.1,103.12,138.8,41.45,66.9
2017-06-13,980.79,181.13,102.66,137.97,41.51,67.73
2017-06-14,976.47,182.35,102.25,137.58,41.76,67.37
2017-06-15,964.17,185.26,102.1,137.94,41.72,67.01
2017-06-16,987.71,186.2,101.64,138.98,41.77,67.11
2017-06-19,995.17,188.7,101.51,138.5,41.84,67.94
2017-06-20,992.59,187.99,100.13,138.6,42.05,67.02
2017-06-21,1002.23,188.79,100.96,137.56,41.69,67.37
2017-06-22,1001.3,189.05,100.4,138.1,41.55,67.36
2017-06-23,1003.74,191.69,100.54,137.84,41.72,68.27
2017-06-26,993.98,189.56,101.7,138.85,41.88,67.62
2017-06-27,976.78,188.52,101.55,138.42,41.53,66.35
2017-06-28,990.33,189.22,102.94,138.93,41.78,66.92
2017-06-29,975.93,187.17,101.84,137.86,41.33,65.66
2017-06-30,968.0,187.44,102.36,137.59,41.35,66.08
2017-07-03,953.66,188.24,103.52,139.16,41.27,65.36
2017-07-05,971.4,191.29,101.76,137.45,41.32,66.23
2017-07-06,965.14,190.98,100.3,136.28,40.93,65.74
2017-07-07,978.76,191.82,100.27,136.8,40.92,66.59
2017-07-10,996.47,193.33,100.54,137.23,40.92,67.09
2017-07-11,994.13,195.52,100.78,137.02,40.87,67.1
2017-07-12,1006.51,195.68,101.3,137.48,41.04,68.21
2017-07-13,1000.63,195.48,101.22,137.41,40.96,68.81
2017-07-14,1001.81,197.64,101.99,137.96,41.19,69.78
2017-07-17,1010.04,198.11,101.7,136.86,41.24,70.32
2017-07-18,1024.45,197.39,102.63,137.75,41.18,70.27
2017-07-19,1026.87,199.89,103.67,131.96,41.33,70.81
2017-07-20,1028.7,199.32,104.2,132.07,41.32,71.16
2017-07-21,1025.67,201.08,103.93,131.56,41.51,70.74
2017-07-24,1038.95,201.12,103.85,130.58,41.34,70.56
2017-07-25,1039.87,201.39,103.28,130.76,41.71,71.13
2017-07-26,1052.8,221.28,103.79,130.02,42.17,70.99
2017-07-27,1046.0,228.44,106.76,129.76,42.52,70.14
2017-07-28,1020.04,228.7,106.72,129.06,42.42,70.02
2017-07-31,987.78,229.82,106.69,129.4,42.26,69.7
2017-08-01,996.19,226.96,107.35,129.96,42.13,69.58
2017-08-02,995.89,225.55,105.47,129.2,42.03,69.28
2017-08-03,986.92,225.83,105.9,129.64,42.1,69.17
2017-08-04,987.58,225.32,104.52,129.84,41.95,69.68
2017-08-07,992.27,227.71,103.22,128.33,42.08,69.41
2017-08-08,989.84,227.02,103.83,128.45,42.04,69.78
2017-08-09,982.01,223.42,99.8,128.15,42.03,69.48
2017-08-10,956.92,222.06,98.36,128.21,42.17,68.46
2017-08-11,967.99,223.97,98.98,128.21,42.03,69.51
2017-08-14,983.3,226.13,98.41,128.64,42.22,70.55
2017-08-15,982.74,228.06,98.52,128.42,42.58,70.57
2017-08-16,978.18,226.55,99.19,128.81,42.59,70.99
2017-08-17,960.57,224.64,98.39,127.18,42.28,69.78
2017-08-18,958.47,224.82,97.73,126.28,42.1,69.87
2017-08-21,953.29,224.73,98.19,126.84,42.11,69.54
2017-08-22,966.9,228.61,99.74,127.46,42.04,70.51
2017-08-23,958.0,227.03,98.51,128.48,41.98,70.09
2017-08-24,952.45,227.65,98.53,129.2,41.86,70.06
2017-08-25,945.26,224.93,99.39,129.93,42.01,70.19
2017-08-28,946.02,226.16,99.54,128.82,41.87,70.2
2017-08-29,954.06,229.32,99.55,129.38,41.9,70.41
2017-08-30,967.59,229.29,99.84,128.86,41.85,71.33
2017-08-31,980.6,228.52,98.22,129.29,41.99,72.06
2017-09-01,978.25,229.16,98.51,130.23,42.21,71.26
2017-09-05,965.27,225.99,98.61,129.29,42.33,70.95
2017-09-06,967.8,223.72,98.51,130.0,42.37,70.74
2017-09-07,979.47,225.33,94.2,129.17,42.67,71.65
2017-09-08,965.9,227.69,94.21,128.76,42.69,71.3
2017-09-11,977.96,229.41,94.23,130.94,42.89,72.06
2017-09-12,982.58,229.4,95.0,131.75,43.07,71.98
2017-09-13,999.6,230.69,95.91,131.96,43.21,72.49
2017-09-14,992.21,233.84,95.01,131.55,42.85,72.06
2017-09-15,986.79,237.43,95.62,130.9,42.91,72.59
2017-09-18,974.19,241.32,95.21,130.66,42.85,72.44
2017-09-19,969.86,240.73,95.53,130.51,42.73,72.71
2017-09-20,973.21,243.59,96.29,131.86,42.54,72.23
2017-09-21,964.65,244.14,95.98,131.3,42.19,71.53
2017-09-22,955.1,244.53,95.69,131.18,42.27,71.72
2017-09-25,939.79,242.5,96.64,131.85,42.46,70.61
2017-09-26,938.6,241.91,95.72,132.48,42.35,70.61
2017-09-27,950.87,243.42,96.31,131.66,41.48,71.18
2017-09-28,956.4,242.46,95.16,131.66,41.73,71.2
2017-09-29,961.35,242.4,95.66,131.14,41.83,71.79
2017-10-02,959.19,244.1,96.92,132.57,41.63,71.91
2017-10-03,957.1,243.59,97.82,132.67,41.99,71.57
2017-10-04,965.45,243.88,97.59,132.4,42.28,71.99
2017-10-05,980.85,246.86,97.16,132.62,42.3,73.22
2017-10-06,989.58,246.57,97.12,132.4,42.27,73.25
2017-10-09,990.99,246.38,96.64,133.23,42.2,73.53
2017-10-10,987.2,248.81,96.64,134.23,42.63,73.53
2017-10-11,995.0,249.29,95.65,133.43,42.84,73.66
2017-10-12,1000.93,249.74,94.07,132.9,42.85,74.33
2017-10-13,1002.94,248.63,94.51,132.96,42.91,74.69
2017-10-16,1006.34,247.68,95.24,132.72,43.32,74.84
2017-10-17,1009.13,246.6,95.46,132.46,43.23,74.78
2017-10-18,997.0,247.96,95.35,144.2,43.12,74.8
2017-10-19,986.61,247.0,96.09,145.44,43.29,75.09
2017-10-20,982.91,252.45,96.47,146.5,43.1,75.96
2017-10-23,966.3,250.13,95.79,144.22,43.04,75.98
2017-10-24,975.9,253.64,95.39,140.9,42.91,76.01
2017-10-25,972.91,246.41,94.92,138.75,42.79,75.79
2017-10-26,972.43,247.22,95.65,138.84,42.96,75.91
2017-10-27,1100.95,244.54,95.41,138.91,42.81,80.78
2017-10-30,1110.85,247.2,95.15,139.53,42.62,80.85
2017-10-31,1105.28,245.99,94.93,139.26,42.73,80.17
2017-11-01,1103.68,246.49,96.11,139.23,42.56,80.17
2017-11-02,1094.22,250.43,95.45,138.61,42.63,81.01
2017-11-03,1111.6,249.59,95.73,137.01,42.72,81.1
2017-11-06,1120.66,251.8,97.67,136.34,42.25,81.41
2017-11-07,1123.17,253.76,98.61,136.81,42.69,81.22
2017-11-08,1132.88,253.23,98.2,137.0,42.91,81.5
2017-11-09,1129.13,251.84,99.65,137.21,42.96,81.05
2017-11-10,1125.35,250.07,101.69,136.17,43.25,80.84
2017-11-13,1129.17,251.57,101.65,135.48,43.42,80.89
2017-11-14,1136.84,250.94,100.13,135.93,44.08,81.01
2017-11-15,1126.69,251.99,100.63,134.29,43.5,80.38
2017-11-16,1137.29,252.8,100.55,136.14,43.26,80.59
2017-11-17,1129.88,251.42,100.39,136.0,42.48,79.82
2017-11-20,1126.31,253.69,99.72,137.41,42.24,79.94
2017-11-21,1139.49,255.95,99.96,138.72,42.54,81.1
2017-11-22,1156.16,254.19,99.71,138.56,42.6,80.51
2017-11-24,1186.0,254.89,99.61,138.62,42.63,80.65
2017-11-27,1195.83,254.6,99.76,138.75,42.65,81.24
2017-11-28,1193.6,256.91,100.36,139.2,42.59,82.22
2017-11-29,1161.27,258.17,102.14,140.18,42.28,80.73
2017-11-30,1176.75,265.36,101.73,140.57,42.88,81.53
2017-12-01,1162.35,260.16,102.15,141.29,43.07,81.62
2017-12-04,1133.95,266.48,106.97,142.84,43.31,78.54
2017-12-05,1141.57,264.15,104.06,141.82,43.34,79.03
2017-12-06,1152.35,266.77,102.35,140.68,43.52,80.19
2017-12-07,1159.79,270.31,102.16,140.2,42.89,79.9
2017-12-08,1162.0,274.08,101.97,141.33,42.45,81.52
2017-12-11,1168.92,271.45,104.52,141.88,42.47,82.56
2017-12-12,1165.08,277.95,105.1,143.09,42.43,82.9
2017-12-13,1164.13,279.78,105.28,140.51,43.0,82.68
2017-12-14,1174.26,281.73,108.17,140.59,43.12,82.04
2017-12-15,1179.14,281.79,108.86,139.22,43.27,84.13
2017-12-18,1190.58,283.9,108.62,139.98,43.03,83.67
2017-12-19,1187.38,284.96,109.39,139.89,43.22,83.14
2017-12-20,1177.62,285.59,107.31,139.63,43.17,82.84
2017-12-21,1174.76,282.83,107.2,138.31,42.72,82.82
2017-12-22,1168.36,282.9,106.32,139.22,42.71,82.83
2017-12-26,1176.76,283.15,105.78,139.52,42.92,82.72
2017-12-27,1182.26,283.4,105.31,139.8,43.03,83.02
2017-12-28,1186.1,284.1,105.43,140.63,42.83,83.03
2017-12-29,1169.47,282.72,105.18,140.06,42.98,82.86
2018-01-02,1189.01,284.57,109.38,140.82,42.67,83.26
2018-01-03,1204.2,285.49,109.85,144.69,42.57,83.64
2018-01-04,1209.59,284.41,109.8,147.62,43.17,84.38
2018-01-05,1229.14,296.07,109.2,148.34,43.16,85.43
2018-01-08,1246.87,297.33,107.64,149.24,43.1,85.51
2018-01-09,1252.7,305.27,107.56,149.57,43.31,85.46
2018-01-10,1254.33,307.02,107.1,149.89,43.16,85.07
2018-01-11,1276.68,314.56,108.59,149.9,43.13,85.32
2018-01-12,1305.2,322.31,110.03,148.94,43.24,86.79
2018-01-16,1304.86,321.31,108.29,149.58,43.59,85.58
2018-01-17,1295.0,336.5,109.54,153.97,43.86,87.32
2018-01-18,1293.32,326.1,108.03,154.4,43.92,87.28
2018-01-19,1294.58,323.77,108.19,148.23,44.18,87.18
2018-01-22,1327.31,324.03,108.69,148.44,44.39,88.74
2018-01-23,1362.54,321.72,108.02,151.78,44.46,89.02
2018-01-24,1357.51,320.85,108.11,150.97,44.81,88.94
2018-01-25,1377.95,328.93,108.15,151.06,44.82,89.44
2018-01-26,1402.05,329.03,109.76,152.77,45.47,91.11
2018-01-29,1417.68,326.73,109.12,152.28,44.69,90.98
2018-01-30,1437.82,323.75,107.72,149.37,44.42,89.83
2018-01-31,1450.89,339.72,106.32,149.45,44.59,92.03
2018-02-01,1390.0,342.19,108.1,148.26,44.46,91.31
2018-02-02,1429.95,334.49,106.34,145.18,43.78,88.9
2018-02-05,1390.0,315.29,102.43,139.25,42.06,85.24
2018-02-06,1442.84,326.82,103.87,141.82,41.85,88.47
2018-02-07,1416.78,333.73,102.49,140.46,41.75,86.8
2018-02-08,1350.5,317.59,99.15,136.07,40.38,82.35
2018-02-09,1339.6,320.65,100.86,137.84,40.41,85.42
2018-02-12,1386.23,331.22,101.15,139.58,41.19,86.34
2018-02-13,1414.51,330.6,101.86,138.98,41.4,87.01
2018-02-14,1451.05,332.23,102.33,142.68,41.32,88.38
2018-02-15,1461.76,343.41,102.9,143.83,41.95,90.18
2018-02-16,1448.69,342.04,104.22,143.99,42.14,89.54
2018-02-20,1468.35,340.42,103.68,143.05,41.21,90.24
2018-02-21,1482.92,339.47,102.77,141.94,40.6,89.04
2018-02-22,1485.34,342.89,102.96,141.22,40.77,89.27
2018-02-23,1500.0,343.6,104.93,143.38,41.26,91.54
2018-02-26,1521.95,350.17,107.43,146.2,41.25,92.86
2018-02-27,1511.98,351.29,102.6,144.33,40.87,91.68
2018-02-28,1512.45,348.95,100.92,143.66,40.49,91.26
2018-03-01,1493.45,336.89,100.35,141.8,40.69,90.36
2018-03-02,1500.25,332.05,100.76,142.43,40.96,90.56
2018-03-05,1523.61,339.84,101.17,144.7,41.12,91.13
2018-03-06,1537.64,336.15,102.67,143.56,41.16,90.82
2018-03-07,1545.0,334.34,101.35,145.96,41.05,91.35
2018-03-08,1551.86,335.96,101.78,144.01,41.64,91.9
2018-03-09,1578.89,341.54,102.46,146.87,41.99,93.95
2018-03-12,1598.39,331.59,102.89,147.75,41.72,94.18
2018-03-13,1588.18,326.27,101.48,146.88,41.76,91.88
2018-03-14,1591.0,318.17,101.65,145.78,41.38,91.34
2018-03-15,1582.32,317.9,101.0,147.15,41.27,91.66
2018-03-16,1571.68,318.37,100.64,147.75,41.08,92.07
2018-03-19,1544.93,319.62,99.28,145.07,40.89,90.4
2018-03-20,1586.51,325.27,99.15,144.0,40.79,90.64
2018-03-21,1581.86,324.76,99.61,144.46,40.64,90.0
2018-03-22,1544.92,307.91,98.42,140.22,40.41,87.38
2018-03-23,1495.56,309.25,96.4,137.27,40.01,84.84
2018-03-26,1555.86,316.93,98.47,141.4,40.35,91.27
2018-03-27,1497.05,309.37,97.21,140.05,40.54,87.07
2018-03-28,1431.42,308.31,96.4,140.61,40.94,87.0
2018-03-29,1447.34,315.88,98.26,141.45,41.05,88.82
2018-04-02,1371.99,310.64,96.52,138.35,40.33,86.15
2018-04-03,1392.05,318.71,97.27,138.15,41.0,87.31
2018-04-04,1410.57,315.45,98.76,142.09,41.81,89.86
2018-04-05,1451.75,324.09,99.9,142.0,41.96,89.91
2018-04-06,1405.23,314.18,98.18,138.81,41.51,87.81
2018-04-09,1406.08,310.68,97.54,140.77,41.43,88.34
2018-04-10,1436.22,322.57,99.17,143.26,41.58,90.39
2018-04-11,1427.05,315.38,98.62,143.23,41.58,89.4
2018-04-12,1448.5,325.13,98.21,145.73,41.62,91.07
2018-04-13,1430.79,317.23,98.18,144.48,42.07,90.59
2018-04-16,1441.5,319.63,98.07,145.56,42.23,91.65
2018-04-17,1503.83,324.39,99.96,148.35,42.42,93.5
2018-04-18,1527.84,328.52,99.02,137.17,42.07,93.86
2018-04-19,1556.91,328.17,98.7,136.17,41.88,93.54
2018-04-20,1527.49,326.27,98.07,133.59,41.34,92.46
2018-04-23,1517.86,326.44,97.98,134.47,41.57,92.8
2018-04-24,1460.09,317.01,97.3,134.2,40.71,90.63
2018-04-25,1460.17,330.31,98.96,134.55,40.1,89.84
2018-04-26,1517.96,330.24,97.68,135.27,40.41,91.73
2018-04-27,1572.62,328.4,97.08,135.04,40.93,93.25
2018-04-30,1566.13,321.35,98.16,133.64,40.84,91.01
2018-05-01,1582.26,317.48,97.89,133.68,40.25,92.46
2018-05-02,1569.68,312.32,97.46,131.33,39.75,91.0
2018-05-03,1572.08,318.59,96.62,130.9,39.59,91.55
2018-05-04,1580.95,322.19,98.96,132.67,40.04,92.61
2018-05-07,1600.14,327.97,100.26,132.04,39.83,93.64
2018-05-08,1592.39,325.98,99.58,131.84,39.52,93.24
2018-05-09,1608.0,331.89,97.8,132.94,39.49,94.34
2018-05-10,1609.08,333.13,99.48,134.45,39.87,95.29
2018-05-11,1602.91,331.57,99.86,134.36,39.83,95.08
2018-05-14,1601.54,333.63,100.22,134.51,39.73,95.4
2018-05-15,1576.12,331.24,100.69,133.99,39.43,94.71
2018-05-16,1587.28,330.13,102.76,134.82,39.27,94.96
2018-05-17,1581.76,333.2,102.08,134.7,39.98,94.01
2018-05-18,1574.37,340.06,101.68,134.31,39.87,94.19
2018-05-21,1585.46,352.35,101.81,135.62,40.08,95.4
2018-05-22,1581.4,343.73,101.81,135.25,39.93,95.3
2018-05-23,1601.86,347.79,100.66,134.86,40.07,96.43
2018-05-24,1603.07,347.58,99.9,134.3,40.0,96.09
2018-05-25,1610.15,348.64,99.99,133.9,40.07,96.14
2018-05-29,1612.87,341.27,97.53,131.64,40.34,95.8
2018-05-30,1624.89,346.8,97.81,132.94,40.76,96.72
2018-05-31,1629.62,340.96,97.31,131.72,40.64,96.61
2018-06-01,1641.54,345.38,97.21,132.32,40.76,98.52
2018-06-04,1665.27,349.26,98.07,133.34,41.1,99.38
2018-06-05,1696.35,348.65,97.77,133.95,40.75,99.88
2018-06-06,1695.75,359.74,99.7,134.89,41.08,100.18
2018-06-07,1689.3,356.81,100.25,135.5,41.06,98.6
2018-06-08,1683.99,357.75,101.73,136.23,41.54,99.34
2018-06-11,1689.12,359.14,102.09,136.64,41.71,98.77
2018-06-12,1698.75,358.83,102.07,136.91,41.97,99.02
2018-06-13,1704.86,352.28,104.01,136.42,41.76,98.57
2018-06-14,1723.86,350.9,106.39,135.35,41.56,99.13
2018-06-15,1715.97,346.5,106.49,135.53,42.07,97.87
2018-06-18,1723.79,343.46,104.74,134.68,41.53,98.58
2018-06-19,1734.78,330.27,103.8,134.14,41.58,98.58
2018-06-20,1750.08,331.79,104.83,132.95,41.25,99.57
2018-06-21,1730.22,326.92,103.6,131.67,41.09,98.86
2018-06-22,1715.67,328.13,104.04,131.7,41.24,98.14
2018-06-25,1663.15,320.67,102.19,129.37,41.56,96.17
2018-06-26,1691.09,320.77,102.0,129.64,41.32,96.84
2018-06-27,1660.51,319.33,101.71,128.15,41.07,95.34
2018-06-28,1701.45,324.01,102.5,130.54,41.45,96.4
2018-06-29,1699.8,324.84,102.54,130.22,41.82,96.38
2018-07-02,1713.78,325.39,103.05,130.37,41.72,97.75
2018-07-03,1693.96,322.34,101.79,130.1,41.95,96.81
2018-07-05,1699.73,322.59,103.06,131.84,42.59,97.51
2018-07-06,1710.63,324.0,103.33,132.81,42.57,98.88
2018-07-09,1739.02,331.05,104.56,134.59,42.34,99.55
2018-07-10,1743.07,336.12,104.57,134.89,42.88,99.82
2018-07-11,1755.0,329.77,106.55,135.11,42.71,99.68
2018-07-12,1796.62,335.03,106.76,136.51,42.6,101.84
2018-07-13,1813.03,339.64,108.48,136.0,42.66,103.05
2018-07-16,1822.49,344.78,108.68,135.59,42.65,102.54
2018-07-17,1843.93,345.53,108.78,133.76,43.15,103.56
2018-07-18,1842.92,348.78,109.16,134.72,43.03,102.75
2018-07-19,1812.97,344.03,110.58,139.12,43.02,102.04
2018-07-20,1813.7,343.61,109.94,136.42,43.18,103.87
2018-07-23,1802.0,342.04,109.56,135.82,42.86,105.53
2018-07-24,1829.24,346.88,109.17,136.45,43.16,105.23
2018-07-25,1863.61,344.6,109.65,136.67,43.95,108.33
2018-07-26,1808.0,347.89,111.94,136.76,44.09,107.15
2018-07-27,1817.27,349.18,111.07,135.3,44.06,105.25
2018-07-30,1779.22,339.9,111.08,135.62,44.08,102.99
2018-07-31,1777.44,344.97,111.99,135.1,44.47,103.69
2018-08-01,1797.17,341.54,111.41,133.77,44.24,103.88
2018-08-02,1834.33,338.61,111.19,133.26,44.04,105.14
2018-08-03,1823.29,337.36,112.52,137.68,44.46,105.6
2018-08-06,1847.75,335.55,114.34,136.12,44.48,105.69
2018-08-07,1862.48,339.61,114.95,137.04,44.34,106.42
2018-08-08,1886.52,336.72,112.41,136.93,44.01,107.02
2018-08-09,1898.52,334.43,112.58,136.41,44.2,107.19
2018-08-10,1886.3,330.24,111.12,136.13,43.94,106.54
2018-08-13,1896.2,329.22,110.57,134.47,43.7,105.77
2018-08-14,1919.65,329.98,111.19,135.08,43.76,107.09
2018-08-15,1882.62,322.8,111.29,135.6,43.94,105.63
2018-08-16,1886.52,336.63,110.93,136.94,44.07,105.62
2018-08-17,1882.22,337.04,110.93,137.62,44.44,105.56
2018-08-20,1876.71,341.26,110.44,138.05,44.56,104.86
2018-08-21,1883.42,344.21,110.84,137.54,44.07,103.99
2018-08-22,1904.9,340.57,110.39,136.85,43.8,105.05
2018-08-23,1902.9,338.09,110.45,136.97,43.58,105.54
2018-08-24,1905.39,339.94,110.38,137.6,43.51,106.36
2018-08-27,1927.68,344.18,110.78,138.22,43.57,107.54
2018-08-28,1932.82,341.72,111.03,138.12,43.26,108.19
2018-08-29,1998.1,340.73,110.9,139.02,43.23,109.91
2018-08-30,2002.38,337.53,110.38,137.5,42.86,109.84
2018-08-31,2012.71,333.53,110.47,138.02,42.5,110.22
2018-09-04,2039.51,336.9,109.32,137.26,42.68,109.61
2018-09-05,1994.82,337.31,108.35,138.19,43.27,106.45
2018-09-06,1958.31,341.78,108.74,137.93,43.64,106.69
2018-09-07,1952.07,339.84,109.44,137.05,43.6,106.17
2018-09-10,1939.01,332.62,109.15,137.24,43.92,107.32
2018-09-11,1987.15,335.92,108.09,138.03,43.88,109.15
2018-09-12,1990.0,343.86,107.95,138.1,44.09,109.61
2018-09-13,1989.87,345.86,109.14,140.35,44.07,110.79
2018-09-14,1970.19,350.08,107.75,139.76,44.23,111.24
2018-09-17,1908.03,346.34,107.85,139.39,44.55,110.03
2018-09-18,1941.05,353.76,108.02,139.98,44.17,111.08
2018-09-19,1926.42,355.35,108.27,140.45,44.2,109.6
2018-09-20,1944.3,357.53,110.08,142.42,44.85,111.43
2018-09-21,1915.01,362.17,108.88,142.61,44.8,112.11
2018-09-24,1934.36,358.05,111.21,141.36,44.3,112.51
2018-09-25,1974.55,357.31,112.06,140.31,43.93,112.3
2018-09-26,1974.85,355.17,113.62,142.85,44.09,111.84
2018-09-27,2012.98,357.46,114.44,142.75,44.25,112.26
2018-09-28,2003.0,361.85,115.33,142.47,44.42,112.22
2018-10-01,2004.36,371.96,114.64,144.16,44.46,113.44
2018-10-02,1971.31,375.93,116.04,144.87,44.73,112.98
2018-10-03,1952.76,381.7,115.3,144.37,44.11,113.0
2018-10-04,1909.42,379.45,114.53,142.57,44.09,110.67
2018-10-05,1889.65,376.03,113.2,140.42,44.12,110.02
2018-10-08,1864.42,375.35,114.42,139.82,44.7,108.76
2018-10-09,1870.32,375.03,115.28,138.73,44.61,110.15
2018-10-10,1755.25,357.54,111.3,134.45,43.93,104.16
2018-10-11,1719.36,348.44,109.62,130.99,42.93,103.92
2018-10-12,1788.61,350.38,111.06,132.71,42.97,107.51
2018-10-15,1760.95,349.18,111.87,132.98,43.19,105.58
2018-10-16,1819.96,358.3,114.59,136.74,43.75,108.91
2018-10-17,1831.73,355.63,115.51,126.31,44.1,108.63
2018-10-18,1770.72,349.64,114.58,123.01,43.86,106.46
2018-10-19,1764.03,346.64,117.26,121.64,44.55,106.62
2018-10-22,1789.3,346.36,116.64,122.51,44.21,107.57
2018-10-23,1768.7,340.59,116.22,123.63,44.58,106.07
2018-10-24,1664.2,345.07,110.07,119.86,44.94,100.4
2018-10-25,1782.17,353.94,112.58,119.15,44.73,106.26
2018-10-26,1642.81,349.56,111.63,117.58,44.16,104.95
2018-10-29,1538.88,326.52,111.48,112.73,44.68,101.9
2018-10-30,1530.42,340.46,113.18,108.73,45.8,101.78
2018-10-31,1598.01,345.27,113.24,108.76,46.05,104.8
2018-11-01,1665.53,353.26,114.5,110.08,45.91,103.93
2018-11-02,1665.53,348.09,113.59,108.99,46.16,104.16
2018-11-05,1627.8,352.2,113.86,113.12,46.82,105.49
2018-11-06,1642.81,356.57,115.1,116.01,47.23,105.69
2018-11-07,1755.49,361.97,115.43,117.63,47.48,109.85
2018-11-08,1754.91,362.42,114.4,117.73,47.44,109.65
2018-11-09,1712.43,361.02,116.37,117.89,47.78,107.51
2018-11-12,1636.85,348.99,115.09,115.37,47.96,104.86
2018-11-13,1631.17,341.64,115.24,115.31,47.95,104.93
2018-11-14,1599.01,336.96,115.5,114.7,47.85,103.44
2018-11-15,1619.44,333.88,115.49,115.88,47.83,105.72
2018-11-16,1593.41,328.38,114.59,116.01,48.25,106.71
2018-11-19,1512.29,313.71,113.83,114.8,48.57,103.1
2018-11-20,1495.46,310.54,110.33,111.84,47.49,100.23
2018-11-21,1516.73,310.17,111.47,113.14,46.86,101.61
2018-11-23,1502.06,305.29,110.53,111.83,47.14,101.57
2018-11-26,1581.33,309.23,111.0,114.09,47.0,104.92
2018-11-27,1581.42,310.87,112.33,114.54,47.48,105.58
2018-11-28,1677.75,325.99,114.5,117.37,47.81,109.5
2018-11-29,1673.57,334.84,115.0,115.92,47.48,108.58
2018-11-30,1690.17,338.95,113.9,118.58,48.85,109.27
2018-12-03,1772.36,351.85,114.14,119.57,48.16,110.46
2018-12-04,1668.4,334.79,111.31,116.03,48.06,106.94
2018-12-06,1699.19,324.42,112.75,118.24,47.86,107.6
2018-12-07,1629.13,315.94,111.29,113.88,47.58,103.29
2018-12-10,1641.03,319.0,111.17,115.59,47.73,106.02
2018-12-11,1643.24,314.78,111.28,115.36,48.02,107.01
2018-12-12,1663.54,319.33,111.52,115.61,47.71,107.49
2018-12-13,1658.38,318.14,112.69,115.2,47.95,107.86
2018-12-14,1591.91,311.57,111.51,114.41,47.82,104.49
2018-12-17,1520.91,309.01,109.94,110.79,46.85,101.39
2018-12-18,1551.48,320.67,108.78,111.31,46.84,102.46
2018-12-19,1495.08,312.35,108.55,111.1,46.43,102.18
2018-12-20,1460.83,306.0,106.34,107.85,46.08,100.03
2018-12-21,1377.45,297.69,103.58,105.86,46.11,96.8
2018-12-24,1343.96,287.53,99.73,102.65,44.55,92.76
2018-12-26,1470.9,306.86,105.18,106.29,45.5,99.09
2018-12-27,1461.64,310.0,105.86,108.57,46.07,99.71
2018-12-28,1478.02,309.25,106.64,107.86,45.75,98.93
